invoice_month,invoice_count,billed_amount,settled_amount,outstanding_amount,collection_rate_pct
2026-01,2759,947298678.36,440030169.01,507268509.35,46.451048551212715
2026-02,6535,2605807331.3,904379593.5,1701427737.8,34.70631088633932
2026-03,5547,1890819551.83,729048418.75,1161771133.08,38.557271001582464
2026-04,7156,2501437374.52,878809204.02,1622628170.5,35.132168927020786
2026-05,8019,2588898062.81,1058915999.2,1529982063.61,40.90218979308318
2026-06,7908,2569654098.38,1091225386.8,1478428711.58,42.465847348401745
2026-07,7991,2853438582.62,1109242155.1,1744196427.52,38.87387525549978
2026-08,7405,2701908919.27,957283024.15,1744625895.12,35.429877644011704
2026-09,6079,2350370279.57,733973063.3,1616397216.27,31.227975850438348
